id,name,latitude,longitude,rating,price_level,googleMapsUri
ChIJ__8PSIMpC18RwV3l2mTGVgE,Aji no Sanpei,43.0588147,141.3536269,4.0,PRICE_LEVEL_MODERATE,https://maps.google.com/?cid=96482578506538433&g_mp=Cidnb29nbGUubWFwcy5wbGFjZXMudjEuUGxhY2VzLlNlYXJjaFRleHQQAhgEIAA
ChIJQcC39R-fm18R6j9xV-cGqBM,A-FACTORY,40.82999650000001,140.7349272,4.3,PRICE_LEVEL_MODERATE,https://maps.google.com/?cid=1416389673482272746&g_mp=Cidnb29nbGUubWFwcy5wbGFjZXMudjEuUGxhY2VzLlNlYXJjaFRleHQQAhgEIAA
ChIJ3bJcqB6fm18RruCZ6EBTv-Q,Aomori Gyosai Center (Aomori Nokkedon),40.8258967,140.7359117,4.1,,https://maps.google.com/?cid=16482984699444715694&g_mp=Cidnb29nbGUubWFwcy5wbGFjZXMudjEuUGxhY2VzLlNlYXJjaFRleHQQAhgEIAA
ChIJrbb982eum18RXrO4USJsKv0,Tsugarufujimiko reservoir,40.7508626,140.38663309999998,4.2,,https://maps.google.com/?cid=18242512135273362270&g_mp=Cidnb29nbGUubWFwcy5wbGFjZXMudjEuUGxhY2VzLlNlYXJjaFRleHQQAhgEIAA
ChIJ3wDtCfKnm18RDp1XaSSvpys,Roadside Station Namioka Apple Hill,40.717660699999996,140.5794869,3.8,,https://maps.google.com/?cid=3145675435662613774&g_mp=Cidnb29nbGUubWFwcy5wbGFjZXMudjEuUGxhY2VzLlNlYXJjaFRleHQQAhgEIAA
ChIJixdgqyavm18Rvj-fCjIy6vU,Tsuru no Maihashi Bridge,40.752055999999996,140.3772146,4.1,,https://maps.google.com/?cid=17720030874350600126&g_mp=Cidnb29nbGUubWFwcy5wbGFjZXMudjEuUGxhY2VzLlNlYXJjaFRleHQQAhgEIAA
ChIJ4Y-ZtYW-m18Rv1DT798NmfU,"Dazai Osamu Memorial Hall ""Shayokan""",40.9026372,140.4553767,4.2,,https://maps.google.com/?cid=17697191466181546175&g_mp=Cidnb29nbGUubWFwcy5wbGFjZXMudjEuUGxhY2VzLlNlYXJjaFRleHQQAhgEIAA
ChIJxcqWHOn4m18RUegXI4gyxiE,Takanosaki,41.229329299999996,140.5496447,4.5,,https://maps.google.com/?cid=2433688208926042193&g_mp=Cidnb29nbGUubWFwcy5wbGFjZXMudjEuUGxhY2VzLlNlYXJjaFRleHQQAhgEIAA
ChIJVzuqtKbIiF8R5KpNvZcXDXk,Geibikei Gorge,38.9894482,141.2554516,4.4,,https://maps.google.com/?cid=8722653993770003172&g_mp=Cidnb29nbGUubWFwcy5wbGFjZXMudjEuUGxhY2VzLlNlYXJjaFRleHQQAhgEIAA
ChIJQZw3avhqhV8R8ldoohNyUDk,Matsukawa Valley Genbuiwa,39.893847900000004,140.9592777,4.2,,https://maps.google.com/?cid=4129926286953437170&g_mp=Cidnb29nbGUubWFwcy5wbGFjZXMudjEuUGxhY2VzLlNlYXJjaFRleHQQAhgEIAA
ChIJL-NL2PRwhV8RaoIZ7nW7deU,Koiwai Farm,39.750723799999996,141.0173484,4.1,,https://maps.google.com/?cid=16534327722140861034&g_mp=Cidnb29nbGUubWFwcy5wbGFjZXMudjEuUGxhY2VzLlNlYXJjaFRleHQQAhgEIAA
ChIJM_oXceNThF8Rfx5x6SSn9vc,Ryūsendō Cave,39.8601009,141.7969943,4.4,,https://maps.google.com/?cid=17867652348616187519&g_mp=Cidnb29nbGUubWFwcy5wbGFjZXMudjEuUGxhY2VzLlNlYXJjaFRleHQQAhgEIAA
ChIJtQvDPefNiF8RgYKecw5H8eo,Chūsonji Temple (Hondō Main Hall),39.0015749,141.1028121,4.4,,https://maps.google.com/?cid=16929390601657287297&g_mp=Cidnb29nbGUubWFwcy5wbGFjZXMudjEuUGxhY2VzLlNlYXJjaFRleHQQAhgEIAA
ChIJCWwgki2vhF8R_6-EXr_BQkk,北三陸ファクトリー,40.4060978,141.72021669999998,4.5,,https://maps.google.com/?cid=5278994740900311039&g_mp=Cidnb29nbGUubWFwcy5wbGFjZXMudjEuUGxhY2VzLlNlYXJjaFRleHQQAhgEIAA
ChIJ2bB4hKevhF8RMtsS5KodIJg,Hironoya,40.4063843,141.71845059999998,4.4,,https://maps.google.com/?cid=10961794112827874098&g_mp=Cidnb29nbGUubWFwcy5wbGFjZXMudjEuUGxhY2VzLlNlYXJjaFRleHQQAhgEIAA
ChIJyYsymiejiF8RN4oZykMKBYo,Abasse Takata,39.0167241,141.6297984,3.8,,https://maps.google.com/?cid=9945366638387366455&g_mp=Cidnb29nbGUubWFwcy5wbGFjZXMudjEuUGxhY2VzLlNlYXJjaFRleHQQAhgEIAA
ChIJZ9H1poaiiF8RY9aC6EGIrfs,Hakoneyama Terrace,39.0112899,141.6901109,4.5,,https://maps.google.com/?cid=18135301091145995875&g_mp=Cidnb29nbGUubWFwcy5wbGFjZXMudjEuUGxhY2VzLlNlYXJjaFRleHQQAhgEIAA
ChIJH-C1ZTK9iF8RPDLiRKafkpw,Miracle Lone Pine,39.003465,141.6251344,4.3,,https://maps.google.com/?cid=11282255552985575996&g_mp=Cidnb29nbGUubWFwcy5wbGFjZXMudjEuUGxhY2VzLlNlYXJjaFRleHQQAhgEIAA
ChIJWUNfGyTRiF8RNAjudn6J8yA,Gembikei Gorge,38.9441713,141.04770829999998,4.1,,https://maps.google.com/?cid=2374392604808579124&g_mp=Cidnb29nbGUubWFwcy5wbGFjZXMudjEuUGxhY2VzLlNlYXJjaFRleHQQAhgEIAA
ChIJJZHA42rtiF8RGj9GCwvR32Y,Kesennuma City Memorial Museum (Ruins of Koyo High School),38.8312641,141.5912143,4.7,,https://maps.google.com/?cid=7412873357039124250&g_mp=Cidnb29nbGUubWFwcy5wbGFjZXMudjEuUGxhY2VzLlNlYXJjaFRleHQQAhgEIAA
ChIJbxif-L2TiF8RAaaYhDjF5BE,鼎が浦商店 / ㈱AZARA,38.864215,141.56461550000003,4.7,,https://maps.google.com/?cid=1289372239868241409&g_mp=Cidnb29nbGUubWFwcy5wbGFjZXMudjEuUGxhY2VzLlNlYXJjaFRleHQQAhgEIAA
ChIJu1RYJq2TiF8RpFQh3-JETm4,㈱AZARA,38.8769488,141.588596,,,https://maps.google.com/?cid=7948366133552305316&g_mp=Cidnb29nbGUubWFwcy5wbGFjZXMudjEuUGxhY2VzLlNlYXJjaFRleHQQAhgEIAA
ChIJF0rkh4uUiF8RZb4GoY0_-jc,Umi no Ichi,38.9000427,141.5798062,3.8,,https://maps.google.com/?cid=4033606293788212837&g_mp=Cidnb29nbGUubWFwcy5wbGFjZXMudjEuUGxhY2VzLlNlYXJjaFRleHQQAhgEIAA
ChIJb0zlgfiTiF8Rt2O89sBfY_c,Karakuwa peninsula,38.8819102,141.65318729999998,4.0,,https://maps.google.com/?cid=17826197032440456119&g_mp=Cidnb29nbGUubWFwcy5wbGFjZXMudjEuUGxhY2VzLlNlYXJjaFRleHQQAhgEIAA
ChIJy4yO3IMkkF8RajDU3QUKXYs,Namahage Statue,39.864771999999995,139.7542383,3.9,,https://maps.google.com/?cid=10042193764418859114&g_mp=Cidnb29nbGUubWFwcy5wbGFjZXMudjEuUGxhY2VzLlNlYXJjaFRleHQQAhgEIAA
ChIJ4weGk-nCj18REyTQRtaGltI,すし匠,39.7164845,140.11618629999998,4.4,,https://maps.google.com/?cid=15174464249340634131&g_mp=Cidnb29nbGUubWFwcy5wbGFjZXMudjEuUGxhY2VzLlNlYXJjaFRleHQQAhgEIAA
ChIJWbYZ8aWPjl8RVml47Gs2xDo,Roadside station Chokai Flat,39.0601312,139.8753681,3.8,,https://maps.google.com/?cid=4234569386791823702&g_mp=Cidnb29nbGUubWFwcy5wbGFjZXMudjEuUGxhY2VzLlNlYXJjaFRleHQQAhgEIAA
ChIJW2rakxoEjF8Ry4AW7J704qM,Dewasanzan Shrine,38.7023491,139.98135299999998,4.5,,https://maps.google.com/?cid=11809270136321769675&g_mp=Cidnb29nbGUubWFwcy5wbGFjZXMudjEuUGxhY2VzLlNlYXJjaFRleHQQAhgEIAA
ChIJF3ZO68UYjF8R7g7jsQC2bKM,Shonai Airport,38.815830999999996,139.7876746,3.8,,https://maps.google.com/?cid=11775987239767707374&g_mp=Cidnb29nbGUubWFwcy5wbGFjZXMudjEuUGxhY2VzLlNlYXJjaFRleHQQAhgEIAA
ChIJLQiz5c8fjF8RCK3qOGpopFA,㈱米シスト庄内,38.8484142,139.87733509999998,5.0,,https://maps.google.com/?cid=5810884224645508360&g_mp=Cidnb29nbGUubWFwcy5wbGFjZXMudjEuUGxhY2VzLlNlYXJjaFRleHQQAhgEIAA
ChIJAXXTvXOcjl8RMMdIyEbe62M,Rokubei,38.9591391,139.8388079,4.1,PRICE_LEVEL_INEXPENSIVE,https://maps.google.com/?cid=7200092824871159600&g_mp=Cidnb29nbGUubWFwcy5wbGFjZXMudjEuUGxhY2VzLlNlYXJjaFRleHQQAhgEIAA
ChIJJ9jR0KG3i18RLNdHWa5tiTk,The Hidden Japan Yamagata City Office,38.2505053,140.3362206,5.0,,https://maps.google.com/?cid=4145965527560869676&g_mp=Cidnb29nbGUubWFwcy5wbGFjZXMudjEuUGxhY2VzLlNlYXJjaFRleHQQAhgEIAA
ChIJS7J0aeDMH2ARiKHAB-ITj4U,Ryokan Hinoemata,37.0216248,139.3866218,4.5,,https://maps.google.com/?cid=9623932790227640712&g_mp=Cidnb29nbGUubWFwcy5wbGFjZXMudjEuUGxhY2VzLlNlYXJjaFRleHQQAhgEIAA
ChIJv8ex4vDPH2ARBFVY8KCkbI0,Maezawa L-Shaped Farmhouses,37.1022296,139.5196307,3.9,,https://maps.google.com/?cid=10190701067966633220&g_mp=Cidnb29nbGUubWFwcy5wbGFjZXMudjEuUGxhY2VzLlNlYXJjaFRleHQQAhgEIAA
ChIJmfHj2JtxImARKs3vrFxQmVc,うなぎ やす川,35.9719379,140.1489498,4.1,PRICE_LEVEL_EXPENSIVE,https://maps.google.com/?cid=6312164711705070890&g_mp=Cidnb29nbGUubWFwcy5wbGFjZXMudjEuUGxhY2VzLlNlYXJjaFRleHQQAhgEIAA
ChIJY7OFYEIkImARXkeMGnmtwfk,Kōbuntei,36.3741694,140.4525444,4.3,,https://maps.google.com/?cid=17996856321597261662&g_mp=Cidnb29nbGUubWFwcy5wbGFjZXMudjEuUGxhY2VzLlNlYXJjaFRleHQQAhgEIAA
ChIJQURehB2LIWAR4fDmA-odfnY,Hitachi Seaside Park,36.405864,140.59648679999998,4.4,,https://maps.google.com/?cid=8538294834466058465&g_mp=Cidnb29nbGUubWFwcy5wbGFjZXMudjEuUGxhY2VzLlNlYXJjaFRleHQQAhgEIAA
ChIJt43VZ0IkImARkblBKJUzdh0,Kairakuen,36.3754136,140.4538299,4.2,,https://maps.google.com/?cid=2122940990070307217&g_mp=Cidnb29nbGUubWFwcy5wbGFjZXMudjEuUGxhY2VzLlNlYXJjaFRleHQQAhgEIAA
ChIJ4-9ANlRuImARS4u9SEpdN8I,Ushiku Daibutsu,35.9826885,140.2202548,4.2,,https://maps.google.com/?cid=13994756940706450251&g_mp=Cidnb29nbGUubWFwcy5wbGFjZXMudjEuUGxhY2VzLlNlYXJjaFRleHQQAhgEIAA
ChIJB7H6BdgFImAR06acxxXZ7g4,Tsukubasan Shrine,36.2137806,140.10132249999998,4.3,,https://maps.google.com/?cid=1076036048554600147&g_mp=Cidnb29nbGUubWFwcy5wbGFjZXMudjEuUGxhY2VzLlNlYXJjaFRleHQQAhgEIAA
ChIJH1yPOxxtImAR1Ma25cBIoEI,Tsuchiura City Kasumigaura Comprehensive Park,36.0633982,140.22006389999999,4.1,,https://maps.google.com/?cid=4800917196101830356&g_mp=Cidnb29nbGUubWFwcy5wbGFjZXMudjEuUGxhY2VzLlNlYXJjaFRleHQQAhgEIAA
ChIJAwDhOMdsImARSNerfRiyU6A,れんこん吉田農園直売所,36.0836139,140.2436133,4.6,,https://maps.google.com/?cid=11552773287392827208&g_mp=Cidnb29nbGUubWFwcy5wbGFjZXMudjEuUGxhY2VzLlNlYXJjaFRleHQQAhgEIAA
ChIJiSri5TRtImARb_yLekmVFBU,Tsukuba Kasumigaura Ring Ring Road,36.084402,140.2149662,4.1,,https://maps.google.com/?cid=1519003117151845487&g_mp=Cidnb29nbGUubWFwcy5wbGFjZXMudjEuUGxhY2VzLlNlYXJjaFRleHQQAhgEIAA
ChIJtZg_udRzIWARDC252eZ3Gdk,Izura Coast,36.8332533,140.8027626,4.1,,https://maps.google.com/?cid=15643666614027103500&g_mp=Cidnb29nbGUubWFwcy5wbGFjZXMudjEuUGxhY2VzLlNlYXJjaFRleHQQAhgEIAA
ChIJ3dTMhdWmH2ARk-3jXiYGiZQ,Nikko Yubamaki ZEN,36.752369,139.606485,4.2,PRICE_LEVEL_MODERATE,https://maps.google.com/?cid=10703092751293214099&g_mp=Cidnb29nbGUubWFwcy5wbGFjZXMudjEuUGxhY2VzLlNlYXJjaFRleHQQAhgEIAA
ChIJLzVs3Ac9H2AR0kilclIntgA,"Awashimado.Co.,Ltd Tochigi Sano Factory",36.3806004,139.56712059999998,4.2,PRICE_LEVEL_INEXPENSIVE,https://maps.google.com/?cid=51271680825575634&g_mp=Cidnb29nbGUubWFwcy5wbGFjZXMudjEuUGxhY2VzLlNlYXJjaFRleHQQAhgEIAA
ChIJkfxlhRlHH2ARLPoiqjCn4KI,Kanoko-an,36.37801900000001,139.723729,4.2,,https://maps.google.com/?cid=11736564456382200364&g_mp=Cidnb29nbGUubWFwcy5wbGFjZXMudjEuUGxhY2VzLlNlYXJjaFRleHQQAhgEIAA
ChIJw2O85ipPH2ARQTr68KZa2S0,山本屋菓子店,36.3134228,139.77443700000003,4.3,,https://maps.google.com/?cid=3303771474706971201&g_mp=Cidnb29nbGUubWFwcy5wbGFjZXMudjEuUGxhY2VzLlNlYXJjaFRleHQQAhgEIAA
ChIJJTvZhKxLH2ARW4IZWaF6qJs,Otomeya Nogiten,36.2270217,139.7340888,3.8,PRICE_LEVEL_MODERATE,https://maps.google.com/?cid=11216349705369387611&g_mp=Cidnb29nbGUubWFwcy5wbGFjZXMudjEuUGxhY2VzLlNlYXJjaFRleHQQAhgEIAA
ChIJK0D8KsVKH2AR2iY0pZYYGTo,Otomeya Kogaten,36.192023999999996,139.721656,3.9,,https://maps.google.com/?cid=4186404363913406170&g_mp=Cidnb29nbGUubWFwcy5wbGFjZXMudjEuUGxhY2VzLlNlYXJjaFRleHQQAhgEIAA
ChIJZ_h8CBdtHmAR4bcOHQ9LNgk,Roadside Station Takuminosato,36.6960822,138.9083511,3.9,,https://maps.google.com/?cid=663800523367823329&g_mp=Cidnb29nbGUubWFwcy5wbGFjZXMudjEuUGxhY2VzLlNlYXJjaFRleHQQAhgEIAA
ChIJrXlzX3QLHmARwtt3Wg2AElg,Lake Okushima,36.70136,138.78417,4.4,,https://maps.google.com/?cid=6346275619759184834&g_mp=Cidnb29nbGUubWFwcy5wbGFjZXMudjEuUGxhY2VzLlNlYXJjaFRleHQQAhgEIAA
ChIJtVM3GVXmHWARIF_lzsQfQuk,Yubatake,36.6229647,138.5967231,4.6,,https://maps.google.com/?cid=16808031689445302048&g_mp=Cidnb29nbGUubWFwcy5wbGFjZXMudjEuUGxhY2VzLlNlYXJjaFRleHQQAhgEIAA
ChIJ3Zb6swyQHmARmALIsJRFKkM,Tomioka Silk Mill,36.2551925,138.88757959999998,3.9,,https://maps.google.com/?cid=4839757254486393496&g_mp=Cidnb29nbGUubWFwcy5wbGFjZXMudjEuUGxhY2VzLlNlYXJjaFRleHQQAhgEIAA
ChIJl9PBGg4LHmARO8E5U1CXDcI,Shima Tamura,36.6872398,138.7734714,4.1,,https://maps.google.com/?cid=13982998789304729915&g_mp=Cidnb29nbGUubWFwcy5wbGFjZXMudjEuUGxhY2VzLlNlYXJjaFRleHQQAhgEIAA
ChIJrXlzX3QLHmARwtt3Wg2AElg,Lake Okushima,36.70136,138.78417,4.4,,https://maps.google.com/?cid=6346275619759184834&g_mp=Cidnb29nbGUubWFwcy5wbGFjZXMudjEuUGxhY2VzLlNlYXJjaFRleHQQAhgEIAA
ChIJFRgmcJuIHmARUb-WsHiMau0,Takasaki,36.3220692,139.0033576,,,https://maps.google.com/?cid=17107640584506883921&g_mp=Cidnb29nbGUubWFwcy5wbGFjZXMudjEuUGxhY2VzLlNlYXJjaFRleHQQAhgEIAA
ChIJ03pDJDWXGGAR0PIL_Lq1K60,ニューホットマサラ NEW HOT MASALA,35.860023999999996,139.8321555,4.1,PRICE_LEVEL_INEXPENSIVE,https://maps.google.com/?cid=12478267007257277136&g_mp=Cidnb29nbGUubWFwcy5wbGFjZXMudjEuUGxhY2VzLlNlYXJjaFRleHQQAhgEIAA
ChIJf6KBz022HmARJG5NHXmlQFs,Hōshō-ji,35.9966568,139.0129374,4.3,,https://maps.google.com/?cid=6575437395562163748&g_mp=Cidnb29nbGUubWFwcy5wbGFjZXMudjEuUGxhY2VzLlNlYXJjaFRleHQQAhgEIAA
ChIJU2BQOMu3HmAR3LNt5HW_yZU,Niekawa-juku (Niekawa Scarecrow Village),35.9640078,138.977487,3.8,,https://maps.google.com/?cid=10793368495034577884&g_mp=Cidnb29nbGUubWFwcy5wbGFjZXMudjEuUGxhY2VzLlNlYXJjaFRleHQQAhgEIAA
ChIJjR7eiXiAGGARc2BNLN-ddpo,Chiba Peanuts,35.7007657,139.9857523,3.8,,https://maps.google.com/?cid=11130257110939295859&g_mp=Cidnb29nbGUubWFwcy5wbGFjZXMudjEuUGxhY2VzLlNlYXJjaFRleHQQAhgEIAA
ChIJNQKYUaXDImAR9ufKRySm5mw,HAPPY NUTS DAY,35.5996419,140.495894,4.7,,https://maps.google.com/?cid=7847142075493181430&g_mp=Cidnb29nbGUubWFwcy5wbGFjZXMudjEuUGxhY2VzLlNlYXJjaFRleHQQAhgEIAA
ChIJFUcTnrMMGGARJEIHdmaVbJY,落花生専門店の鈴市,35.377789299999996,139.9222486,4.2,,https://maps.google.com/?cid=10839202670473331236&g_mp=Cidnb29nbGUubWFwcy5wbGFjZXMudjEuUGxhY2VzLlNlYXJjaFRleHQQAhgEIAA
ChIJOVDC7GI6GWARLD9dDBypDeU,Takimoto cable car Station for Mt. Mitake,35.7961082,139.1613487,4.1,,https://maps.google.com/?cid=16505034147314351916&g_mp=Cidnb29nbGUubWFwcy5wbGFjZXMudjEuUGxhY2VzLlNlYXJjaFRleHQQAhgEIAA
ChIJ10jHBskwGWARQZeMVjGt2r4,Unzenya,35.814309099999996,139.1294202,3.6,,https://maps.google.com/?cid=13752494839546287937&g_mp=Cidnb29nbGUubWFwcy5wbGFjZXMudjEuUGxhY2VzLlNlYXJjaFRleHQQAhgEIAA
ChIJq3Vfaho3GWARCVslJPpBQpc,Arasawaya Inn,35.808099,139.095441,4.4,,https://maps.google.com/?cid=10899346590794078985&g_mp=Cidnb29nbGUubWFwcy5wbGFjZXMudjEuUGxhY2VzLlNlYXJjaFRleHQQAhgEIAA
ChIJP9YlUsgwGWAR13KKalMPzT8,Hatonosu Canyon,35.813471899999996,139.1287523,4.3,,https://maps.google.com/?cid=4597347645559304919&g_mp=Cidnb29nbGUubWFwcy5wbGFjZXMudjEuUGxhY2VzLlNlYXJjaFRleHQQAhgEIAA
ChIJV2IVp5w6GWARKdQwK_H6gBo,キャニオンズ奥多摩 Canyons Okutama,35.8073036,139.173587,4.6,,https://maps.google.com/?cid=1909802155723772969&g_mp=Cidnb29nbGUubWFwcy5wbGFjZXMudjEuUGxhY2VzLlNlYXJjaFRleHQQAhgEIAA
ChIJEa7iuW-JGGARTohiUhxwS9o,Tsukuda,35.6692074,139.7843792,,,https://maps.google.com/?cid=15729789390465173582&g_mp=Cidnb29nbGUubWFwcy5wbGFjZXMudjEuUGxhY2VzLlNlYXJjaFRleHQQAhgEIAA
ChIJ1XmcuS08GGARRu_RsdLdvV0,Okumotomikan Orchards,35.188849999999995,139.64675,4.2,,https://maps.google.com/?cid=6754798913121808198&g_mp=Cidnb29nbGUubWFwcy5wbGFjZXMudjEuUGxhY2VzLlNlYXJjaFRleHQQAhgEIAA
ChIJq176uo88GGARw68q2RNpEwQ,Kurobatei Honten,35.1418878,139.62147059999998,4.2,PRICE_LEVEL_MODERATE,https://maps.google.com/?cid=293693934677962691&g_mp=Cidnb29nbGUubWFwcy5wbGFjZXMudjEuUGxhY2VzLlNlYXJjaFRleHQQAhgEIAA
ChIJW0ZMroU8GGAR8TOQYZVOwes,SHOWAMARU,35.141478,139.617586,4.1,PRICE_LEVEL_MODERATE,https://maps.google.com/?cid=16987945672912155633&g_mp=Cidnb29nbGUubWFwcy5wbGFjZXMudjEuUGxhY2VzLlNlYXJjaFRleHQQAhgEIAA
ChIJ1YXIurQ9GGARvm4e7YzCJuU,Shimotomikan Orchards,35.1757215,139.6510379,4.5,,https://maps.google.com/?cid=16512098994329906878&g_mp=Cidnb29nbGUubWFwcy5wbGFjZXMudjEuUGxhY2VzLlNlYXJjaFRleHQQAhgEIAA
ChIJz9Tl35w8GGARpyrAvxjduGU,Kanea,35.1353645,139.61207969999998,4.2,PRICE_LEVEL_MODERATE,https://maps.google.com/?cid=7329851491911477927&g_mp=Cidnb29nbGUubWFwcy5wbGFjZXMudjEuUGxhY2VzLlNlYXJjaFRleHQQAhgEIAA
ChIJ6TfngYjJ9F8R_X4xfurFUAM,Minemura Brewery,37.9173398,139.0697092,4.3,,https://maps.google.com/?cid=238908391180828413&g_mp=Cidnb29nbGUubWFwcy5wbGFjZXMudjEuUGxhY2VzLlNlYXJjaFRleHQQAhgEIAA
ChIJY1jVSCvJ9F8Rc4comBB_F7k,Tomizushi,37.8763206,139.081518,4.0,PRICE_LEVEL_MODERATE,https://maps.google.com/?cid=13337268530730010483&g_mp=Cidnb29nbGUubWFwcy5wbGFjZXMudjEuUGxhY2VzLlNlYXJjaFRleHQQAhgEIAA
ChIJL6EXky8zi18RVk3u62pbA5M,View Fukushimagata,37.91353790000001,139.2404786,3.9,,https://maps.google.com/?cid=10593411263288462678&g_mp=Cidnb29nbGUubWFwcy5wbGFjZXMudjEuUGxhY2VzLlNlYXJjaFRleHQQAhgEIAA
ChIJ97THYEyb918RTPsJhgtSDwg,Menyairoha Imizu Honten,36.713311,137.098443,3.8,PRICE_LEVEL_MODERATE,https://maps.google.com/?cid=580773086401002316&g_mp=Cidnb29nbGUubWFwcy5wbGFjZXMudjEuUGxhY2VzLlNlYXJjaFRleHQQAhgEIAA
ChIJS82zgbaE918RADVIOnIqDfs,めん八 本店,36.708317,137.09426209999998,4.1,PRICE_LEVEL_MODERATE,https://maps.google.com/?cid=18090161948309599488&g_mp=Cidnb29nbGUubWFwcy5wbGFjZXMudjEuUGxhY2VzLlNlYXJjaFRleHQQAhgEIAA
ChIJlRPiErEd-F8Ron9vOrh2lUc,Inotani,36.4668807,137.2144501,,,https://maps.google.com/?cid=5158159481849216930&g_mp=Cidnb29nbGUubWFwcy5wbGFjZXMudjEuUGxhY2VzLlNlYXJjaFRleHQQAhgEIAA
ChIJE0W4wG2R918R1fUdNadDRiQ,Toyama Castle,36.6927004,137.2116148,4.0,,https://maps.google.com/?cid=2613851019164906965&g_mp=Cidnb29nbGUubWFwcy5wbGFjZXMudjEuUGxhY2VzLlNlYXJjaFRleHQQAhgEIAA
ChIJB7x2Jpru918RfX61KWNM4Kk,Yuki no Ōtani,36.5760814,137.59159359999998,4.6,,https://maps.google.com/?cid=12240867775978241661&g_mp=Cidnb29nbGUubWFwcy5wbGFjZXMudjEuUGxhY2VzLlNlYXJjaFRleHQQAhgEIAA
ChIJB7x2Jpru918R1KMhqz2Cs1Q,Shōmyō Waterfall,36.575305,137.5234194,4.6,,https://maps.google.com/?cid=6103365121392878548&g_mp=Cidnb29nbGUubWFwcy5wbGFjZXMudjEuUGxhY2VzLlNlYXJjaFRleHQQAhgEIAA
ChIJeT4gW5yQ918RdrL91LyNLv0,TOYAMA STATION,36.701826800000006,137.21262579999998,4.1,,https://maps.google.com/?cid=18243674982691222134&g_mp=Cidnb29nbGUubWFwcy5wbGFjZXMudjEuUGxhY2VzLlNlYXJjaFRleHQQAhgEIAA
ChIJ4yrNS-id918R_wPnq3LCJHY,Shinminato Kittokito Fisherman's Wharf,36.7813666,137.09977469999998,3.5,,https://maps.google.com/?cid=8513142993403184127&g_mp=Cidnb29nbGUubWFwcy5wbGFjZXMudjEuUGxhY2VzLlNlYXJjaFRleHQQAhgEIAA
ChIJB9NLUHEz-F8RxN1gI-3bIvQ,Musashi,36.570993699999995,136.6615239,4.4,PRICE_LEVEL_MODERATE,https://maps.google.com/?cid=17591864906009861572&g_mp=Cidnb29nbGUubWFwcy5wbGFjZXMudjEuUGxhY2VzLlNlYXJjaFRleHQQAhgEIAA
ChIJz6wpoHQz-F8RNwplNS4GH_A,Hayuwa,36.5725923,136.6663825,4.1,PRICE_LEVEL_MODERATE,https://maps.google.com/?cid=17302555088914811447&g_mp=Cidnb29nbGUubWFwcy5wbGFjZXMudjEuUGxhY2VzLlNlYXJjaFRleHQQAhgEIAA
ChIJCzGWsz8z-F8Rzo_h7N4ytnI,Noukabanzai Tonariya Nodoguro Rice Pot Specialty Restaurant,36.5708493,136.6560335,4.5,,https://maps.google.com/?cid=8265850099123457998&g_mp=Cidnb29nbGUubWFwcy5wbGFjZXMudjEuUGxhY2VzLlNlYXJjaFRleHQQAhgEIAA
ChIJPcEwmWgz-F8RvYZkubyjRjY,Yoshihisa,36.574402899999995,136.64716869999998,4.1,PRICE_LEVEL_MODERATE,https://maps.google.com/?cid=3910993357377406653&g_mp=Cidnb29nbGUubWFwcy5wbGFjZXMudjEuUGxhY2VzLlNlYXJjaFRleHQQAhgEIAA
ChIJWdC022gz-F8RbWMlhOwfP_M,Nouka Banzai Kyo,36.574995300000005,136.6498248,4.4,PRICE_LEVEL_MODERATE,https://maps.google.com/?cid=17527763375439045485&g_mp=Cidnb29nbGUubWFwcy5wbGFjZXMudjEuUGxhY2VzLlNlYXJjaFRleHQQAhgEIAA
ChIJHY0irHMz-F8RCZ4MT9DJeYY,Mifuku,36.572981000000006,136.66245659999998,4.6,PRICE_LEVEL_EXPENSIVE,https://maps.google.com/?cid=9689997969780940297&g_mp=Cidnb29nbGUubWFwcy5wbGFjZXMudjEuUGxhY2VzLlNlYXJjaFRleHQQAhgEIAA
ChIJzaTD0m8x8V8RM2pBpQutITc,Shiroyone Senmaida Rice Terraces,37.4255423,136.9995074,4.2,,https://maps.google.com/?cid=3972646611846261299&g_mp=Cidnb29nbGUubWFwcy5wbGFjZXMudjEuUGxhY2VzLlNlYXJjaFRleHQQAhgEIAA
ChIJ96V9h4zS8F8Rj-lxYGGuXtY,Totoro Rock,37.2364192,136.7006958,4.0,,https://maps.google.com/?cid=15446975505180518799&g_mp=Cidnb29nbGUubWFwcy5wbGFjZXMudjEuUGxhY2VzLlNlYXJjaFRleHQQAhgEIAA
ChIJ__8_vnTK9l8RwjJxVUPTwag,Mitsuke Island,37.3962161,137.2470988,4.2,,https://maps.google.com/?cid=12160232755026801346&g_mp=Cidnb29nbGUubWFwcy5wbGFjZXMudjEuUGxhY2VzLlNlYXJjaFRleHQQAhgEIAA
ChIJ58pBR-m--F8RzkiV7IguXsg,松岡軒,36.063146499999995,136.213874,4.2,,https://maps.google.com/?cid=14438028621016025294&g_mp=Cidnb29nbGUubWFwcy5wbGFjZXMudjEuUGxhY2VzLlNlYXJjaFRleHQQAhgEIAA
ChIJE5YEe1i--F8REzr3lA-4pAI,Daikichi-mochi,36.071135500000004,136.2279973,4.5,PRICE_LEVEL_MODERATE,https://maps.google.com/?cid=190479461319653907&g_mp=Cidnb29nbGUubWFwcy5wbGFjZXMudjEuUGxhY2VzLlNlYXJjaFRleHQQAhgEIAA
ChIJqahFKO2--F8RZ7Yb1Ikqdo0,Happiring,36.0612834,136.22223639999999,3.8,,https://maps.google.com/?cid=10193381578057168487&g_mp=Cidnb29nbGUubWFwcy5wbGFjZXMudjEuUGxhY2VzLlNlYXJjaFRleHQQAhgEIAA
ChIJs9voyKmk-F8RhYo0Lt2Qj3A,Ichijōdani Asakura Ruins,35.999463299999995,136.29593219999998,4.2,,https://maps.google.com/?cid=8110860733554920069&g_mp=Cidnb29nbGUubWFwcy5wbGFjZXMudjEuUGxhY2VzLlNlYXJjaFRleHQQAhgEIAA
ChIJaWgILJO--F8RsQ3ySSMB8og,Matsuoka-ken - Prism Shop,36.0616531,136.2229808,4.5,,https://maps.google.com/?cid=9867950984598261169&g_mp=Cidnb29nbGUubWFwcy5wbGFjZXMudjEuUGxhY2VzLlNlYXJjaFRleHQQAhgEIAA
ChIJtQ_j9GHQAWARZPAuYfmDytk,Miketsukuni Wakasa Obama Food Culture Museum,35.5011947,135.7375707,3.9,,https://maps.google.com/?cid=15693500958626476132&g_mp=Cidnb29nbGUubWFwcy5wbGFjZXMudjEuUGxhY2VzLlNlYXJjaFRleHQQAhgEIAA
ChIJZRtdIaro-F8R3CAtgnZCZ4k,Echizen Kaninobou,36.219844699999996,136.1409517,4.3,PRICE_LEVEL_EXPENSIVE,https://maps.google.com/?cid=9900955382554894556&g_mp=Cidnb29nbGUubWFwcy5wbGFjZXMudjEuUGxhY2VzLlNlYXJjaFRleHQQAhgEIAA
ChIJ4VDb1uy--F8RU2Jp0Ikcq9E,Raden,36.0610888,136.2222018,4.2,,https://maps.google.com/?cid=15108200753177125459&g_mp=Cidnb29nbGUubWFwcy5wbGFjZXMudjEuUGxhY2VzLlNlYXJjaFRleHQQAhgEIAA
ChIJUd2ebe---F8RbJ6WmWzRE5U,Iwashiya,36.0655894,136.2138789,4.2,PRICE_LEVEL_EXPENSIVE,https://maps.google.com/?cid=10742159800572223084&g_mp=Cidnb29nbGUubWFwcy5wbGFjZXMudjEuUGxhY2VzLlNlYXJjaFRleHQQAhgEIAA
ChIJ-RVpUlJeGWARfcMeEe58lho,Lake Kawaguchi Maple Corridor,35.525818,138.7623326,4.2,,https://maps.google.com/?cid=1915856053424014205&g_mp=Cidnb29nbGUubWFwcy5wbGFjZXMudjEuUGxhY2VzLlNlYXJjaFRleHQQAhgEIAA
ChIJ3bOYVTJeGWARoTAhHhbJOus,Kawaguchiko Herb Hall,35.507446,138.76193569999998,3.8,,https://maps.google.com/?cid=16950081244394238113&g_mp=Cidnb29nbGUubWFwcy5wbGFjZXMudjEuUGxhY2VzLlNlYXJjaFRleHQQAhgEIAA
ChIJVVWpiyZeGWARQnEv2dEkp08,Mt. Fuji Panoramic Ropeway,35.504032099999996,138.7720895,4.3,,https://maps.google.com/?cid=5739596733817516354&g_mp=Cidnb29nbGUubWFwcy5wbGFjZXMudjEuUGxhY2VzLlNlYXJjaFRleHQQAhgEIAA
ChIJe8GBIC9eGWARrq9v8lrnG2Y,Fuji Lake Hotel,35.5040775,138.7665752,4.4,,https://maps.google.com/?cid=7357728794040315822&g_mp=Cidnb29nbGUubWFwcy5wbGFjZXMudjEuUGxhY2VzLlNlYXJjaFRleHQQAhgEIAA
ChIJpzOK6slfGWARXMREuOQrUO4,AWAUMI Fujikawaguchiko Resort,35.5005088,138.75582029999998,4.5,,https://maps.google.com/?cid=17172273640507753564&g_mp=Cidnb29nbGUubWFwcy5wbGFjZXMudjEuUGxhY2VzLlNlYXJjaFRleHQQAhgEIAA
ChIJ07dEjdsVGWARrXfUnPJ_u0M,Uenohara Station,35.618856799999996,139.1160605,3.6,,https://maps.google.com/?cid=4880635301176047533&g_mp=Cidnb29nbGUubWFwcy5wbGFjZXMudjEuUGxhY2VzLlNlYXJjaFRleHQQAhgEIAA
ChIJM7oNbAU-GWAR8_dH5ePRuy0,八重山,35.6494457,139.1136649,4.3,,https://maps.google.com/?cid=3295458329086130163&g_mp=Cidnb29nbGUubWFwcy5wbGFjZXMudjEuUGxhY2VzLlNlYXJjaFRleHQQAhgEIAA
ChIJa7RhbwAVGWARd3P1w7OIuKg,Yamanashi,35.601532399999996,139.1170862,,,https://maps.google.com/?cid=12157617499754820471&g_mp=Cidnb29nbGUubWFwcy5wbGFjZXMudjEuUGxhY2VzLlNlYXJjaFRleHQQAhgEIAA
ChIJgy1ZVFJUHGARrmB2toTQHvA,Tateishi Park,36.0534825,138.12252909999998,4.4,,https://maps.google.com/?cid=17302496086819496110&g_mp=Cidnb29nbGUubWFwcy5wbGFjZXMudjEuUGxhY2VzLlNlYXJjaFRleHQQAhgEIAA
ChIJ3R-mQ_GGHWARYhDD0XV3VAw,小鶴,36.6524186,138.1935444,4.2,PRICE_LEVEL_INEXPENSIVE,https://maps.google.com/?cid=888466374412931170&g_mp=Cidnb29nbGUubWFwcy5wbGFjZXMudjEuUGxhY2VzLlNlYXJjaFRleHQQAhgEIAA
ChIJn0KbyzOGHWARC0Lt_4ISWA0,TSURUYA Tokuma,36.675737999999996,138.226717,3.8,,https://maps.google.com/?cid=961538874292388363&g_mp=Cidnb29nbGUubWFwcy5wbGFjZXMudjEuUGxhY2VzLlNlYXJjaFRleHQQAhgEIAA
ChIJ332i02OxA2ARFPDV_gpyERo,Kinchoen Sohonke Ogaki Station Main Store,35.3658791,136.6177521,4.0,,https://maps.google.com/?cid=1878407911140880404&g_mp=Cidnb29nbGUubWFwcy5wbGFjZXMudjEuUGxhY2VzLlNlYXJjaFRleHQQAhgEIAA
ChIJGeGjwXCxA2ARlO0EsaaA_Ts,みつや食品（株）,35.361651,136.6260179,3.8,,https://maps.google.com/?cid=4322752670768360852&g_mp=Cidnb29nbGUubWFwcy5wbGFjZXMudjEuUGxhY2VzLlNlYXJjaFRleHQQAhgEIAA
ChIJ_0hbVQCxA2ARlzS_TztFKHg,水都大垣 集いの泉,35.3665988,136.61748269999998,4.5,,https://maps.google.com/?cid=8658246404663096471&g_mp=Cidnb29nbGUubWFwcy5wbGFjZXMudjEuUGxhY2VzLlNlYXJjaFRleHQQAhgEIAA
ChIJQbkgXgCxA2ARBBqY_MZqEfU,水都大垣 出会いの泉,35.366599,136.618011,3.4,,https://maps.google.com/?cid=17659013016770320900&g_mp=Cidnb29nbGUubWFwcy5wbGFjZXMudjEuUGxhY2VzLlNlYXJjaFRleHQQAhgEIAA
ChIJe4ocDWixA2ARTPJbAKyJ18M,ほたるの里水都大垣,35.357048,136.61372799999998,1.0,,https://maps.google.com/?cid=14111899329222144588&g_mp=Cidnb29nbGUubWFwcy5wbGFjZXMudjEuUGxhY2VzLlNlYXJjaFRleHQQAhgEIAA
ChIJZ9bZW7quA2ARbIHVkCObR20,JA Gifu KOME Kome HOUSE Honjoten,35.4096457,136.73655019999998,3.8,,https://maps.google.com/?cid=7874433050536673644&g_mp=Cidnb29nbGUubWFwcy5wbGFjZXMudjEuUGxhY2VzLlNlYXJjaFRleHQQAhgEIAA
ChIJDbFPfblx-F8Rb8cypKHxfRE,Mamekichi Honpo Shirakawago,36.2585036,136.90635269999999,4.4,,https://maps.google.com/?cid=1260429147280426863&g_mp=Cidnb29nbGUubWFwcy5wbGFjZXMudjEuUGxhY2VzLlNlYXJjaFRleHQQAhgEIAA
ChIJvaAGUtT6GmARVwfPDl_qmO8,Ito,34.7422284,137.9249878,4.0,,https://maps.google.com/?cid=17264806865516037975&g_mp=Cidnb29nbGUubWFwcy5wbGFjZXMudjEuUGxhY2VzLlNlYXJjaFRleHQQAhgEIAA
ChIJ1eR-i9X6GmARwugMZr9nO90,Toriya Chaya,34.7447204,137.9253813,4.3,PRICE_LEVEL_MODERATE,https://maps.google.com/?cid=15941449377756539074&g_mp=Cidnb29nbGUubWFwcy5wbGFjZXMudjEuUGxhY2VzLlNlYXJjaFRleHQQAhgEIAA
ChIJd7kkzNX6GmARYHPvWMToxDU,Yamanashiya,34.743189699999995,137.9259381,4.2,,https://maps.google.com/?cid=3874477509448790880&g_mp=Cidnb29nbGUubWFwcy5wbGFjZXMudjEuUGxhY2VzLlNlYXJjaFRleHQQAhgEIAA
ChIJ-ZopgHr6GmARlx6kk1uynZ4,Yamada,34.7348869,137.97127319999998,3.7,PRICE_LEVEL_MODERATE,https://maps.google.com/?cid=11429487535724961431&g_mp=Cidnb29nbGUubWFwcy5wbGFjZXMudjEuUGxhY2VzLlNlYXJjaFRleHQQAhgEIAA
ChIJn3Z5pLNgGmARb8Yc2rXpLgA,Omaezaki,34.6379987,138.1280864,,,https://maps.google.com/?cid=13204816186361455&g_mp=Cidnb29nbGUubWFwcy5wbGFjZXMudjEuUGxhY2VzLlNlYXJjaFRleHQQAhgEIAA
ChIJC4vV2rSiBGARkR461FRzQ24,Kakukyu Hatcho Miso no Sato Factory Tour,34.957813099999996,137.15299579999999,4.0,,https://maps.google.com/?cid=7945320975786712721&g_mp=Cidnb29nbGUubWFwcy5wbGFjZXMudjEuUGxhY2VzLlNlYXJjaFRleHQQAhgEIAA
ChIJAQDVPEu9BGARq79_yhcqZfU,Maruya Hatcho Miso,34.9567007,137.1520573,4.4,,https://maps.google.com/?cid=17682585793610104747&g_mp=Cidnb29nbGUubWFwcy5wbGFjZXMudjEuUGxhY2VzLlNlYXJjaFRleHQQAhgEIAA
ChIJYSYiIvGFBGARYI9GOD-X2-0,Mutsuki,34.8593331,136.9152854,4.7,,https://maps.google.com/?cid=17139459104671436640&g_mp=Cidnb29nbGUubWFwcy5wbGFjZXMudjEuUGxhY2VzLlNlYXJjaFRleHQQAhgEIAA
ChIJV4PwZrZxA2ARvrMoWHOU7Ss,SHUHARI,35.1638885,136.9097759,4.8,,https://maps.google.com/?cid=3165349336232539070&g_mp=Cidnb29nbGUubWFwcy5wbGFjZXMudjEuUGxhY2VzLlNlYXJjaFRleHQQAhgEIAA
ChIJWbjRk6AMA2ARaM7RaiFjRPs,Zauo Komaki shop,35.2972265,136.907075,3.8,PRICE_LEVEL_EXPENSIVE,https://maps.google.com/?cid=18105705397113441896&g_mp=Cidnb29nbGUubWFwcy5wbGFjZXMudjEuUGxhY2VzLlNlYXJjaFRleHQQAhgEIAA
ChIJUfpYSsNwA2AR77lbscmAUV4,Maruko,35.1698665,136.91836949999998,4.1,PRICE_LEVEL_MODERATE,https://maps.google.com/?cid=6796354916431149551&g_mp=Cidnb29nbGUubWFwcy5wbGFjZXMudjEuUGxhY2VzLlNlYXJjaFRleHQQAhgEIAA
ChIJ5-KY6lHLBGARIvMsklIC9tU,Toyokawa Inari (Myōgon-ji Temple),34.8245842,137.39196180000002,4.3,,https://maps.google.com/?cid=15417512928012464930&g_mp=Cidnb29nbGUubWFwcy5wbGFjZXMudjEuUGxhY2VzLlNlYXJjaFRleHQQAhgEIAA
ChIJMyzNoxsKAWARlcl_aAD9XZA,Enryaku-ji Temple,35.0704634,135.8411275,4.4,,https://maps.google.com/?cid=10402748892490746261&g_mp=Cidnb29nbGUubWFwcy5wbGFjZXMudjEuUGxhY2VzLlNlYXJjaFRleHQQAhgEIAA
ChIJO8TWUCmpAWARPpd778aNkus,Kyoto Arashiyama Enman Rice cake restaurant,35.014528,135.6779219,4.8,PRICE_LEVEL_MODERATE,https://maps.google.com/?cid=16974785831073716030&g_mp=Cidnb29nbGUubWFwcy5wbGFjZXMudjEuUGxhY2VzLlNlYXJjaFRleHQQAhgEIAA
ChIJhwcImf-pAWARV5y3krcVQ9A,Ine,35.01584270000001,135.6772986,3.9,PRICE_LEVEL_MODERATE,https://maps.google.com/?cid=15006862261513329751&g_mp=Cidnb29nbGUubWFwcy5wbGFjZXMudjEuUGxhY2VzLlNlYXJjaFRleHQQAhgEIAA
ChIJ7wKLka4IAWARCByidG5EGrY,Kyoto Station,34.985849,135.7587667,4.3,,https://maps.google.com/?cid=13121875705491233800&g_mp=Cidnb29nbGUubWFwcy5wbGFjZXMudjEuUGxhY2VzLlNlYXJjaFRleHQQAhgEIAA
ChIJxWQjvRXnAGAR0zV7IvKWgmM,Yorokobu,34.671020999999996,135.5050435,4.2,PRICE_LEVEL_MODERATE,https://maps.google.com/?cid=7170459523432003027&g_mp=Cidnb29nbGUubWFwcy5wbGFjZXMudjEuUGxhY2VzLlNlYXJjaFRleHQQAhgEIAA
ChIJqQr3ekDnAGARj5xI77NGMeY,Shinfukuhinabejo,34.669183499999995,135.5082098,3.6,PRICE_LEVEL_INEXPENSIVE,https://maps.google.com/?cid=16587116641209851023&g_mp=Cidnb29nbGUubWFwcy5wbGFjZXMudjEuUGxhY2VzLlNlYXJjaFRleHQQAhgEIAA
ChIJCYobJuzmAGARvENkB_1-R54,紙なべ蘆月,34.69714,135.499876,4.4,,https://maps.google.com/?cid=11405224206554907580&g_mp=Cidnb29nbGUubWFwcy5wbGFjZXMudjEuUGxhY2VzLlNlYXJjaFRleHQQAhgEIAA
ChIJH9v2xhTnAGARMjoiDXzxaT4,Motsunabe Daigo,34.6679211,135.502999,3.9,,https://maps.google.com/?cid=4497391218004736562&g_mp=Cidnb29nbGUubWFwcy5wbGFjZXMudjEuUGxhY2VzLlNlYXJjaFRleHQQAhgEIAA
ChIJ4c_Ev226VDURfjDOhruS1ao,Awaji Island,34.3257122,134.813111,4.3,,https://maps.google.com/?cid=12309906490605318270&g_mp=Cidnb29nbGUubWFwcy5wbGFjZXMudjEuUGxhY2VzLlNlYXJjaFRleHQQAhgEIAA
ChIJ02D3mqwCVTURI2jX6GFO0Hs,"Kanesu Manufacture Noodles Co., Ltd.",34.9147924,134.5485077,3.6,,https://maps.google.com/?cid=8921717044246177827&g_mp=Cidnb29nbGUubWFwcy5wbGFjZXMudjEuUGxhY2VzLlNlYXJjaFRleHQQAhgEIAA
ChIJnc9iNfMsVTURhVkOmZ-i0Vw,みきかじや村TOOL SHOP,34.803218799999996,134.968522,4.8,,https://maps.google.com/?cid=6688305727973251461&g_mp=Cidnb29nbGUubWFwcy5wbGFjZXMudjEuUGxhY2VzLlNlYXJjaFRleHQQAhgEIAA
ChIJDa7PSMQsVTURG9RayJiMM3g,Miki Castle Ruins,34.799872,134.987864,3.8,,https://maps.google.com/?cid=8661421096187909147&g_mp=Cidnb29nbGUubWFwcy5wbGFjZXMudjEuUGxhY2VzLlNlYXJjaFRleHQQAhgEIAA
ChIJ0w0nW2c5AWAR2KyuMBte-y4,Okada,34.6804153,135.8304536,4.8,,https://maps.google.com/?cid=3385403015772941528&g_mp=Cidnb29nbGUubWFwcy5wbGFjZXMudjEuUGxhY2VzLlNlYXJjaFRleHQQAhgEIAA
ChIJpylXuYs5AWARqzMfA-QZrIU,Unagi no Nedoko Edogawa Kintetsu Nara Ekimae,34.6839012,135.8289909,3.7,,https://maps.google.com/?cid=9632102170134262699&g_mp=Cidnb29nbGUubWFwcy5wbGFjZXMudjEuUGxhY2VzLlNlYXJjaFRleHQQAhgEIAA
ChIJWZ4pHgA5AWAR_YMb2crHl1E,じびえ井田,34.6811449,135.8321042,4.3,,https://maps.google.com/?cid=5879387512595252221&g_mp=Cidnb29nbGUubWFwcy5wbGFjZXMudjEuUGxhY2VzLlNlYXJjaFRleHQQAhgEIAA
ChIJi1io23UjAWARnEx5dxdlgVE,Nedoko,34.6933483,135.7226776,5.0,,https://maps.google.com/?cid=5873086540530928796&g_mp=Cidnb29nbGUubWFwcy5wbGFjZXMudjEuUGxhY2VzLlNlYXJjaFRleHQQAhgEIAA
ChIJ9Yv7re05AWARCR0_EtWp3q8,Nanairo Fruits,34.6814859,135.8297742,4.4,,https://maps.google.com/?cid=12672753134066408713&g_mp=Cidnb29nbGUubWFwcy5wbGFjZXMudjEuUGxhY2VzLlNlYXJjaFRleHQQAhgEIAA
ChIJDQdiloc5AWARUa8gcEII5JM,Kakinoha Sushi Honpo Tanaka Nara Honten,34.684014999999995,135.829017,4.2,PRICE_LEVEL_MODERATE,https://maps.google.com/?cid=10656651699707490129&g_mp=Cidnb29nbGUubWFwcy5wbGFjZXMudjEuUGxhY2VzLlNlYXJjaFRleHQQAhgEIAA
ChIJ7_AZCok5AWARL0B1fjyE65I,Hiraso,34.680106,135.83046299999998,4.2,PRICE_LEVEL_MODERATE,https://maps.google.com/?cid=10586700744419000367&g_mp=Cidnb29nbGUubWFwcy5wbGFjZXMudjEuUGxhY2VzLlNlYXJjaFRleHQQAhgEIAA
ChIJjbuJRYc5AWARzxEAWGI4KjI,Maguro Koya,34.6854584,135.8289869,4.5,PRICE_LEVEL_MODERATE,https://maps.google.com/?cid=3614763645952594383&g_mp=Cidnb29nbGUubWFwcy5wbGFjZXMudjEuUGxhY2VzLlNlYXJjaFRleHQQAhgEIAA
ChIJYWCMvZY5AWARVnREV_OsbPk,Nara Park,34.685047,135.843012,4.5,,https://maps.google.com/?cid=17972930374069941334&g_mp=Cidnb29nbGUubWFwcy5wbGFjZXMudjEuUGxhY2VzLlNlYXJjaFRleHQQAhgEIAA
ChIJVfXbMok5AWARbQ8ZlBGrWiE,Kakisuga Main Shop,34.6813143,135.8326176,4.7,,https://maps.google.com/?cid=2403421443143044973&g_mp=Cidnb29nbGUubWFwcy5wbGFjZXMudjEuUGxhY2VzLlNlYXJjaFRleHQQAhgEIAA
ChIJEznBaftEB2ARmp34Phsc_98,Kadoya,34.031641,135.1787632,4.0,PRICE_LEVEL_MODERATE,https://maps.google.com/?cid=16140650492865322394&g_mp=Cidnb29nbGUubWFwcy5wbGFjZXMudjEuUGxhY2VzLlNlYXJjaFRleHQQAhgEIAA
ChIJvxaapgahB2ARfZRN35OhEOQ,Fisherman's Wharf of Shirahama,33.676940699999996,135.3413859,3.6,PRICE_LEVEL_MODERATE,https://maps.google.com/?cid=16433812696753607805&g_mp=Cidnb29nbGUubWFwcy5wbGFjZXMudjEuUGxhY2VzLlNlYXJjaFRleHQQAhgEIAA
ChIJycL0UnOyAGAR2eBQ4QAPvQ4,Sushiro Wakayama-sakaedani,34.2572721,135.1546306,3.5,PRICE_LEVEL_INEXPENSIVE,https://maps.google.com/?cid=1062021583583895769&g_mp=Cidnb29nbGUubWFwcy5wbGFjZXMudjEuUGxhY2VzLlNlYXJjaFRleHQQAhgEIAA
ChIJk7UUWh2hB2ARlBaAsRQ-BWk,Sushi Ippinryori fukuju,33.6847174,135.3464832,4.3,PRICE_LEVEL_MODERATE,https://maps.google.com/?cid=7567523007464216212&g_mp=Cidnb29nbGUubWFwcy5wbGFjZXMudjEuUGxhY2VzLlNlYXJjaFRleHQQAhgEIAA
ChIJO8ZC4iqzAGAR-EKrHMwwy_Q,Sushiro Wakayama-shinsei,34.2214157,135.1891459,3.7,PRICE_LEVEL_INEXPENSIVE,https://maps.google.com/?cid=17639246018739127032&g_mp=Cidnb29nbGUubWFwcy5wbGFjZXMudjEuUGxhY2VzLlNlYXJjaFRleHQQAhgEIAA
ChIJUxj49BcnB2ARt-zIGIRcN2Q,Kadohama Goma-tofu,34.2127889,135.58870629999998,4.2,,https://maps.google.com/?cid=7221342249933139127&g_mp=Cidnb29nbGUubWFwcy5wbGFjZXMudjEuUGxhY2VzLlNlYXJjaFRleHQQAhgEIAA
ChIJZUKljw4nB2AR-dQ-0MbRhtA,Kadohama Goma-tofu honpo,34.2128243,135.57640179999999,4.3,PRICE_LEVEL_MODERATE,https://maps.google.com/?cid=15025927858595747065&g_mp=Cidnb29nbGUubWFwcy5wbGFjZXMudjEuUGxhY2VzLlNlYXJjaFRleHQQAhgEIAA
ChIJrR-_uG4nB2ARl_1BopuqsBU,Hamadaya,34.211656,135.5875921,4.2,,https://maps.google.com/?cid=1562936656116448663&g_mp=Cidnb29nbGUubWFwcy5wbGFjZXMudjEuUGxhY2VzLlNlYXJjaFRleHQQAhgEIAA
ChIJt-8ScQ4nB2ARD36W5RC8pwo,Kadohama Goma-tofu sohonpo,34.2119141,135.5767148,4.3,,https://maps.google.com/?cid=767789042247302671&g_mp=Cidnb29nbGUubWFwcy5wbGFjZXMudjEuUGxhY2VzLlNlYXJjaFRleHQQAhgEIAA
ChIJhb-muJOHVTUR-pvLQgNxahs,Nook Style Village,35.544375699999996,134.26466879999998,4.0,,https://maps.google.com/?cid=1975515645374864378&g_mp=Cidnb29nbGUubWFwcy5wbGFjZXMudjEuUGxhY2VzLlNlYXJjaFRleHQQAhgEIAA
ChIJT0TUToHpVTURpTuISrgKZjE,Aoya Japanese Paper Workshop,35.4694461,134.01585699999998,4.0,,https://maps.google.com/?cid=3559544342123658149&g_mp=Cidnb29nbGUubWFwcy5wbGFjZXMudjEuUGxhY2VzLlNlYXJjaFRleHQQAhgEIAA
ChIJ__1ygjPpVTURs9YfhcdT4rc,Aoya Station,35.5162275,133.9957507,4.0,,https://maps.google.com/?cid=13250245170074474163&g_mp=Cidnb29nbGUubWFwcy5wbGFjZXMudjEuUGxhY2VzLlNlYXJjaFRleHQQAhgEIAA
ChIJ62yjpjHpVTURddU9B3t0MQ4,青谷上寺地遺跡,35.513635799999996,133.9934558,4.0,,https://maps.google.com/?cid=1022726662141105525&g_mp=Cidnb29nbGUubWFwcy5wbGFjZXMudjEuUGxhY2VzLlNlYXJjaFRleHQQAhgEIAA
ChIJK2tbIQDpVTURJPg3QCIjGXY,Aoya Kamijichi Historic Site Park,35.5129612,133.9895917,4.2,,https://maps.google.com/?cid=8509871600906532900&g_mp=Cidnb29nbGUubWFwcy5wbGFjZXMudjEuUGxhY2VzLlNlYXJjaFRleHQQAhgEIAA
ChIJrzZ1WoKPVTURm_05o4klTiM,Tottori Castle Ruins,35.510268599999996,134.2409327,4.3,,https://maps.google.com/?cid=2544012112590142875&g_mp=Cidnb29nbGUubWFwcy5wbGFjZXMudjEuUGxhY2VzLlNlYXJjaFRleHQQAhgEIAA
ChIJY7yLOEwbVzURT__NaZ9qb1c,Kamosu Jinja,35.425509399999996,133.0843148,4.4,,https://maps.google.com/?cid=6300371636622065487&g_mp=Cidnb29nbGUubWFwcy5wbGFjZXMudjEuUGxhY2VzLlNlYXJjaFRleHQQAhgEIAA
ChIJLSPXsRwFVzURFdHNm-pPJrE,Minamikan Ryokan,35.4688623,133.0541603,4.5,,https://maps.google.com/?cid=12764978062883148053&g_mp=Cidnb29nbGUubWFwcy5wbGFjZXMudjEuUGxhY2VzLlNlYXJjaFRleHQQAhgEIAA
ChIJ9bsDJgUFVzURPfuazkEsEBQ,Matsue Castle,35.4751335,133.0506783,4.4,,https://maps.google.com/?cid=1445704141536688957&g_mp=Cidnb29nbGUubWFwcy5wbGFjZXMudjEuUGxhY2VzLlNlYXJjaFRleHQQAhgEIAA
ChIJC1yC78FQVjURS-cGv6wgQNI,Miho Shrine,35.5622817,133.306437,4.5,,https://maps.google.com/?cid=15150145072785712971&g_mp=Cidnb29nbGUubWFwcy5wbGFjZXMudjEuUGxhY2VzLlNlYXJjaFRleHQQAhgEIAA
ChIJs4Qr7yn-VjURaSB4OYWUBtE,Yuushien,35.49133,133.1765352,4.3,,https://maps.google.com/?cid=15061889303702937705&g_mp=Cidnb29nbGUubWFwcy5wbGFjZXMudjEuUGxhY2VzLlNlYXJjaFRleHQQAhgEIAA
ChIJ4wwidoUQVzURq6a_foUJeIY,Tamatsukuri Onsen Wakatake Sushi,35.4188475,133.01060569999999,4.1,PRICE_LEVEL_MODERATE,https://maps.google.com/?cid=9689505067249411755&g_mp=Cidnb29nbGUubWFwcy5wbGFjZXMudjEuUGxhY2VzLlNlYXJjaFRleHQQAhgEIAA
ChIJgUxCtIdDVzUR75NI9cM8jLU,Seajack - Izumo Ekiminami,35.360155999999996,132.75502799999998,3.3,PRICE_LEVEL_MODERATE,https://maps.google.com/?cid=13081897829935911919&g_mp=Cidnb29nbGUubWFwcy5wbGFjZXMudjEuUGxhY2VzLlNlYXJjaFRleHQQAhgEIAA
ChIJLWLqYh4DVzURBHKqpU9sviA,Matsue Nishikigoi Center Ltd.,35.4287896,133.13358739999998,4.1,,https://maps.google.com/?cid=2359442344126345732&g_mp=Cidnb29nbGUubWFwcy5wbGFjZXMudjEuUGxhY2VzLlNlYXJjaFRleHQQAhgEIAA
ChIJe0rRe5oQVzURzJ5YRYFnv2E,Yuaka no Ido (Koi Kuru Ido),35.4142134,133.0100956,3.6,,https://maps.google.com/?cid=7043462147142622924&g_mp=Cidnb29nbGUubWFwcy5wbGFjZXMudjEuUGxhY2VzLlNlYXJjaFRleHQQAhgEIAA
ChIJFzR7JQMFVzURyljOdVSGF3s,Kawakyo,35.469118,133.0554216,4.3,,https://maps.google.com/?cid=8869705688441313482&g_mp=Cidnb29nbGUubWFwcy5wbGFjZXMudjEuUGxhY2VzLlNlYXJjaFRleHQQAhgEIAA
ChIJA1RWIMUbVzUR89h94UuyikE,Kumano Grand Shrine,35.3733639,133.0703323,4.5,,https://maps.google.com/?cid=4722783198226798835&g_mp=Cidnb29nbGUubWFwcy5wbGFjZXMudjEuUGxhY2VzLlNlYXJjaFRleHQQAhgEIAA
ChIJbdRS5gIFVzURJVMD9bnAL7Y,和食店 海鮮 海師,35.469367999999996,133.056399,4.0,PRICE_LEVEL_MODERATE,https://maps.google.com/?cid=13127923343720403749&g_mp=Cidnb29nbGUubWFwcy5wbGFjZXMudjEuUGxhY2VzLlNlYXJjaFRleHQQAhgEIAA
ChIJp1JTQcHHVjUREgXfEaIFPhY,名代中華そば 山金,34.9896336,133.4606067,3.8,PRICE_LEVEL_MODERATE,https://maps.google.com/?cid=1602724711033144594&g_mp=Cidnb29nbGUubWFwcy5wbGFjZXMudjEuUGxhY2VzLlNlYXJjaFRleHQQAhgEIAA
ChIJQeG8nge0UTURtNGzeqs118E,Seto Inland Sea,34.132140899999996,133.2446592,,,https://maps.google.com/?cid=13967691779927167412&g_mp=Cidnb29nbGUubWFwcy5wbGFjZXMudjEuUGxhY2VzLlNlYXJjaFRleHQQAhgEIAA
ChIJ74bQMPsQUTURAiGHDViu_00,Onomichi Ramen Itchō,34.488111700000005,133.361631,4.1,PRICE_LEVEL_MODERATE,https://maps.google.com/?cid=5620402553188983042&g_mp=Cidnb29nbGUubWFwcy5wbGFjZXMudjEuUGxhY2VzLlNlYXJjaFRleHQQAhgEIAA
ChIJI-cJv-sOUTURw0wiuDb8kB0,Tomonoura,34.3828651,133.3812012,4.2,,https://maps.google.com/?cid=2130479935693933763&g_mp=Cidnb29nbGUubWFwcy5wbGFjZXMudjEuUGxhY2VzLlNlYXJjaFRleHQQAhgEIAA
ChIJc7CCxQIRUTUR63fFx9njiks,Izumi,34.4844022,133.3697346,4.3,,https://maps.google.com/?cid=5443413624129681387&g_mp=Cidnb29nbGUubWFwcy5wbGFjZXMudjEuUGxhY2VzLlNlYXJjaFRleHQQAhgEIAA
ChIJzz2YYXARUTURl5VXYg5MI5w,youme Town Fukuyama,34.487023,133.3786812,3.7,,https://maps.google.com/?cid=11250919918764791191&g_mp=Cidnb29nbGUubWFwcy5wbGFjZXMudjEuUGxhY2VzLlNlYXJjaFRleHQQAhgEIAA
ChIJ48hw4eQQUTURqrA14JqUALs,Fukuyama Castle Park,34.490428099999995,133.3614081,4.1,,https://maps.google.com/?cid=13474933478000013482&g_mp=Cidnb29nbGUubWFwcy5wbGFjZXMudjEuUGxhY2VzLlNlYXJjaFRleHQQAhgEIAA
ChIJMbEwXXYRUTURC6LPHL_C1bY,Fukuyama Izumi Kindergarten,34.4672382,133.39348379999998,4.5,,https://maps.google.com/?cid=13174650411020165643&g_mp=Cidnb29nbGUubWFwcy5wbGFjZXMudjEuUGxhY2VzLlNlYXJjaFRleHQQAhgEIAA
ChIJu8zdIpy9QzURJRh79hViPFk,Fukunoseki,33.9561844,130.9442851,3.8,PRICE_LEVEL_MODERATE,https://maps.google.com/?cid=6430122214447323173&g_mp=Cidnb29nbGUubWFwcy5wbGFjZXMudjEuUGxhY2VzLlNlYXJjaFRleHQQAhgEIAA
ChIJ2fhgYGK9QzURYZBjQppeetA,Heike Chaya,33.9660131,130.9575174,4.3,PRICE_LEVEL_EXPENSIVE,https://maps.google.com/?cid=15022423523679506529&g_mp=Cidnb29nbGUubWFwcy5wbGFjZXMudjEuUGxhY2VzLlNlYXJjaFRleHQQAhgEIAA
ChIJTXWDqZ-9QzURqBIB4heLJok,Katsumoto,33.9587523,130.9406502,4.3,,https://maps.google.com/?cid=9882739367003361960&g_mp=Cidnb29nbGUubWFwcy5wbGFjZXMudjEuUGxhY2VzLlNlYXJjaFRleHQQAhgEIAA
ChIJucGF2di9QzURX1TSgxbqGgk,ふぐ懐石 garden,33.962987999999996,130.9177915,4.6,,https://maps.google.com/?cid=656094078157608031&g_mp=Cidnb29nbGUubWFwcy5wbGFjZXMudjEuUGxhY2VzLlNlYXJjaFRleHQQAhgEIAA
ChIJNVeCCJ29QzURQrmJDMCxImw,Karato Fish Market,33.9566087,130.945824,4.1,,https://maps.google.com/?cid=7791985743706569026&g_mp=Cidnb29nbGUubWFwcy5wbGFjZXMudjEuUGxhY2VzLlNlYXJjaFRleHQQAhgEIAA
ChIJ_Y9adhnHRDURcOJUU8K8DEk,Yamaguchi,34.2796769,131.5212742,,,https://maps.google.com/?cid=5263789607297016432&g_mp=Cidnb29nbGUubWFwcy5wbGFjZXMudjEuUGxhY2VzLlNlYXJjaFRleHQQAhgEIAA
ChIJJX680TKzImAR2x6DHCCtIzk,and RIVER 勝浦,35.2290373,140.256116,4.8,,https://maps.google.com/?cid=4117324837775679195&g_mp=Cidnb29nbGUubWFwcy5wbGFjZXMudjEuUGxhY2VzLlNlYXJjaFRleHQQAhgEIAA
ChIJg54TFit5VDURC60esQFvuLs,Nakabu-an,34.4827173,134.3225545,4.2,PRICE_LEVEL_MODERATE,https://maps.google.com/?cid=13526683533864512779&g_mp=Cidnb29nbGUubWFwcy5wbGFjZXMudjEuUGxhY2VzLlNlYXJjaFRleHQQAhgEIAA
ChIJw9IqOgyLUzUR4Dnv8Zzaurc,Ginshiro,34.4884481,134.1710556,4.5,,https://maps.google.com/?cid=13239134422217734624&g_mp=Cidnb29nbGUubWFwcy5wbGFjZXMudjEuUGxhY2VzLlNlYXJjaFRleHQQAhgEIAA
ChIJX95KwcrPUzURx8fV8zsV-0A,三嶋製麺所,34.1419754,133.96134949999998,4.2,PRICE_LEVEL_INEXPENSIVE,https://maps.google.com/?cid=4682359584819890119&g_mp=Cidnb29nbGUubWFwcy5wbGFjZXMudjEuUGxhY2VzLlNlYXJjaFRleHQQAhgEIAA
ChIJJbgoyr3rUzUR-4c_CsSfJKo,Matsushita Seimenjo,34.335015399999996,134.0449083,4.1,PRICE_LEVEL_INEXPENSIVE,https://maps.google.com/?cid=12260099749943674875&g_mp=Cidnb29nbGUubWFwcy5wbGFjZXMudjEuUGxhY2VzLlNlYXJjaFRleHQQAhgEIAA
ChIJ7xT15JHZUzURLdcWdd-plT4,Setouchi Taining,34.3115482,133.80939700000002,2.6,,https://maps.google.com/?cid=4509697379088652077&g_mp=Cidnb29nbGUubWFwcy5wbGFjZXMudjEuUGxhY2VzLlNlYXJjaFRleHQQAhgEIAA
ChIJJ64s5pGDUTUR3LEgEy8ISk0,UDON HOUSE,34.1457586,133.68747869999999,4.6,,https://maps.google.com/?cid=5569272887474434524&g_mp=Cidnb29nbGUubWFwcy5wbGFjZXMudjEuUGxhY2VzLlNlYXJjaFRleHQQAhgEIAA
ChIJRaZoAWt-UTURMP4-WqR6LTE,Suzaki Shokuryohinten,34.175128,133.769552,4.5,PRICE_LEVEL_INEXPENSIVE,https://maps.google.com/?cid=3543623328117751344&g_mp=Cidnb29nbGUubWFwcy5wbGFjZXMudjEuUGxhY2VzLlNlYXJjaFRleHQQAhgEIAA
ChIJwYj3u9h_RTURSF5n6_ypEuw,Garyu Sanso,33.506314599999996,132.5500793,4.4,,https://maps.google.com/?cid=17010845646278057544&g_mp=Cidnb29nbGUubWFwcy5wbGFjZXMudjEuUGxhY2VzLlNlYXJjaFRleHQQAhgEIAA
ChIJ-67oUgP-RTURUuo2vb5Z5dI,Ashizuri-Uwakai National Park,32.746095499999996,132.9955823,4.3,,https://maps.google.com/?cid=15196651193384757842&g_mp=Cidnb29nbGUubWFwcy5wbGFjZXMudjEuUGxhY2VzLlNlYXJjaFRleHQQAhgEIAA
ChIJ--CRI2VHTzURPAMSUEk6uCs,おかし工房 Fuuka,32.9634278,132.8106316,4.8,,https://maps.google.com/?cid=3150332025896043324&g_mp=Cidnb29nbGUubWFwcy5wbGFjZXMudjEuUGxhY2VzLlNlYXJjaFRleHQQAhgEIAA
ChIJFXFK5-5VTzURSkjYemg_4jE,Kyokuyo Marine Ehime,32.945544999999996,132.5600588,,,https://maps.google.com/?cid=3594505170565220426&g_mp=Cidnb29nbGUubWFwcy5wbGFjZXMudjEuUGxhY2VzLlNlYXJjaFRleHQQAhgEIAA
ChIJye76eFF_RTURpOVixKp8hjU,NIPPONIA HOTEL Ozu Castle Town,33.5067021,132.54844169999998,4.8,,https://maps.google.com/?cid=3856907203770508708&g_mp=Cidnb29nbGUubWFwcy5wbGFjZXMudjEuUGxhY2VzLlNlYXJjaFRleHQQAhgEIAA
ChIJsY_1KcxhTzURg_Mrm2I1EBs,Izumiya,33.223951,132.563513,4.6,,https://maps.google.com/?cid=1950117336277840771&g_mp=Cidnb29nbGUubWFwcy5wbGFjZXMudjEuUGxhY2VzLlNlYXJjaFRleHQQAhgEIAA
ChIJjSQ9vsxhTzUR0dkID7BosWY,Uwajima Castle,33.2194492,132.565284,4.2,,https://maps.google.com/?cid=7399810768122206673&g_mp=Cidnb29nbGUubWFwcy5wbGFjZXMudjEuUGxhY2VzLlNlYXJjaFRleHQQAhgEIAA
ChIJ6S1mqGvzRTURVU9VqDDQWDo,Yusumizugaura Terraced Fields,33.206135599999996,132.4559429,4.3,,https://maps.google.com/?cid=4204339159551528789&g_mp=Cidnb29nbGUubWFwcy5wbGFjZXMudjEuUGxhY2VzLlNlYXJjaFRleHQQAhgEIAA
ChIJEd7dUtJhTzURg1q-dbjxV_w,Kadoya (Bentencho),33.2243537,132.5583953,3.9,PRICE_LEVEL_MODERATE,https://maps.google.com/?cid=18183267795083352707&g_mp=Cidnb29nbGUubWFwcy5wbGFjZXMudjEuUGxhY2VzLlNlYXJjaFRleHQQAhgEIAA
ChIJ7RWH7c9hTzURZzwbsggEvJ0,Taga Shrine,33.228748599999996,132.56168259999998,4.0,,https://maps.google.com/?cid=11365963994970668135&g_mp=Cidnb29nbGUubWFwcy5wbGFjZXMudjEuUGxhY2VzLlNlYXJjaFRleHQQAhgEIAA
ChIJHXEQ6zRgTzUR4uwiS5yFjiE,JR Hotel Clement Uwajima,33.225842899999996,132.5675975,3.9,,https://maps.google.com/?cid=2418016956266507490&g_mp=Cidnb29nbGUubWFwcy5wbGFjZXMudjEuUGxhY2VzLlNlYXJjaFRleHQQAhgEIAA
ChIJ_ZQBiCQZTjURDgmM1D29DRU,Kochi Castle,33.5608125,133.53148439999998,4.3,,https://maps.google.com/?cid=1517076722750327054&g_mp=Cidnb29nbGUubWFwcy5wbGFjZXMudjEuUGxhY2VzLlNlYXJjaFRleHQQAhgEIAA
ChIJjTpa9zoZTjURyNBGUEVNgwA,Kochi Castle Museum of History,33.5603495,133.53396519999998,4.0,,https://maps.google.com/?cid=36958182043996360&g_mp=Cidnb29nbGUubWFwcy5wbGFjZXMudjEuUGxhY2VzLlNlYXJjaFRleHQQAhgEIAA
ChIJ1w_oDToZTjUR3QutG7QRnZk,Hirome Market,33.560116,133.53593700000002,4.1,PRICE_LEVEL_MODERATE,https://maps.google.com/?cid=11069022924402658269&g_mp=Cidnb29nbGUubWFwcy5wbGFjZXMudjEuUGxhY2VzLlNlYXJjaFRleHQQAhgEIAA
ChIJ5U60OT_1UTURCqQmlxG5hFg,Michitsuji,33.8151468,133.7703435,5.0,,https://maps.google.com/?cid=6378426457464939530&g_mp=Cidnb29nbGUubWFwcy5wbGFjZXMudjEuUGxhY2VzLlNlYXJjaFRleHQQAhgEIAA
ChIJW1GKP_DwUTUR6N6s0_CRVWw,Yutorisuto Park Otoyo,33.7488792,133.68455590000002,4.0,,https://maps.google.com/?cid=7806305992646123240&g_mp=Cidnb29nbGUubWFwcy5wbGFjZXMudjEuUGxhY2VzLlNlYXJjaFRleHQQAhgEIAA
ChIJ3986CVKLTTURe_ZpvebvQ7U,Kiragawa Old Street,33.3308414,134.1000491,3.9,,https://maps.google.com/?cid=13061547118603925115&g_mp=Cidnb29nbGUubWFwcy5wbGFjZXMudjEuUGxhY2VzLlNlYXJjaFRleHQQAhgEIAA
ChIJMfPc84aRQTURKWYfBkex_Qw,Shinsuke,33.5874595,130.3940227,,,https://maps.google.com/?cid=936099216166446633&g_mp=Cidnb29nbGUubWFwcy5wbGFjZXMudjEuUGxhY2VzLlNlYXJjaFRleHQQAhgEIAA
ChIJBRmKgTh3QTURXU1XQ81Z-X4,Dangoan,33.4778052,130.7028843,4.0,PRICE_LEVEL_MODERATE,https://maps.google.com/?cid=9149442856112835933&g_mp=Cidnb29nbGUubWFwcy5wbGFjZXMudjEuUGxhY2VzLlNlYXJjaFRleHQQAhgEIAA
ChIJVVXx4qHSQTUR2vEeH2zUCzA,Saga,33.3078371,130.22712429999999,,,https://maps.google.com/?cid=3462094299408036314&g_mp=Cidnb29nbGUubWFwcy5wbGFjZXMudjEuUGxhY2VzLlNlYXJjaFRleHQQAhgEIAA
ChIJVVXx4qHSQTUR2vEeH2zUCzA,Saga,33.3078371,130.22712429999999,,,https://maps.google.com/?cid=3462094299408036314&g_mp=Cidnb29nbGUubWFwcy5wbGFjZXMudjEuUGxhY2VzLlNlYXJjaFRleHQQAhgEIAA
ChIJ___vIxBTFTURWIe18Dl1IPo,Chinese restaurant “SHIKAIRO”,32.736469500000005,129.86982170000002,3.9,PRICE_LEVEL_MODERATE,https://maps.google.com/?cid=18023534600448739160&g_mp=Cidnb29nbGUubWFwcy5wbGFjZXMudjEuUGxhY2VzLlNlYXJjaFRleHQQAhgEIAA
ChIJGRluWtGsajURPumQvRCIqeI,Horaiken,32.7720848,129.8637461,4.1,PRICE_LEVEL_MODERATE,https://maps.google.com/?cid=16332735129117059390&g_mp=Cidnb29nbGUubWFwcy5wbGFjZXMudjEuUGxhY2VzLlNlYXJjaFRleHQQAhgEIAA
ChIJtxCYOQBTFTURrJj7r3gOcGU,champon358,32.74418010000001,129.8802427,4.5,,https://maps.google.com/?cid=7309358106733680812&g_mp=Cidnb29nbGUubWFwcy5wbGFjZXMudjEuUGxhY2VzLlNlYXJjaFRleHQQAhgEIAA
ChIJgaMCqhVTFTURSOCDBG83j7I,Kozanro Chukagaishinkan,32.7412178,129.8758029,3.9,PRICE_LEVEL_MODERATE,https://maps.google.com/?cid=12866563610377445448&g_mp=Cidnb29nbGUubWFwcy5wbGFjZXMudjEuUGxhY2VzLlNlYXJjaFRleHQQAhgEIAA
ChIJTZTnfkBTFTURqp4M0QcEKY8,*****Original Chawanmushi YOSSOU (Hamamachi Main Branch),32.744506400000006,129.8787748,4.2,PRICE_LEVEL_MODERATE,https://maps.google.com/?cid=10315780853087379114&g_mp=Cidnb29nbGUubWFwcy5wbGFjZXMudjEuUGxhY2VzLlNlYXJjaFRleHQQAhgEIAA
ChIJa5nrEJfxajURdVfR1nroa_o,Tsutaya,33.367049,129.5519618,4.3,,https://maps.google.com/?cid=18044771946277721973&g_mp=Cidnb29nbGUubWFwcy5wbGFjZXMudjEuUGxhY2VzLlNlYXJjaFRleHQQAhgEIAA
ChIJpUFQ4pzxajURGF64XG-fXy0,Hirado Dutch Trading Post,33.372785,129.5574733,3.9,,https://maps.google.com/?cid=3269507155140042264&g_mp=Cidnb29nbGUubWFwcy5wbGFjZXMudjEuUGxhY2VzLlNlYXJjaFRleHQQAhgEIAA
ChIJm-a_HpXxajURVWW3VKAY0Ps,つたや総本家,33.3670919,129.55185079999998,4.1,,https://maps.google.com/?cid=18145029975570867541&g_mp=Cidnb29nbGUubWFwcy5wbGFjZXMudjEuUGxhY2VzLlNlYXJjaFRleHQQAhgEIAA
ChIJI5lMv5nxajUR2H9V9zxBh0E,Togenkyo,33.369931,129.552063,4.4,PRICE_LEVEL_INEXPENSIVE,https://maps.google.com/?cid=4721814464424673240&g_mp=Cidnb29nbGUubWFwcy5wbGFjZXMudjEuUGxhY2VzLlNlYXJjaFRleHQQAhgEIAA
ChIJv_iI3ZrxajURfMN75S9-3Mg,Hirado Castle,33.368545499999996,129.5575561,4.0,,https://maps.google.com/?cid=14473582046640587644&g_mp=Cidnb29nbGUubWFwcy5wbGFjZXMudjEuUGxhY2VzLlNlYXJjaFRleHQQAhgEIAA
ChIJD_hYzbgcQDURnFdIZKmOHig,Isahaya,32.8434342,130.0531121,,,https://maps.google.com/?cid=2890904869001516956&g_mp=Cidnb29nbGUubWFwcy5wbGFjZXMudjEuUGxhY2VzLlNlYXJjaFRleHQQAhgEIAA
ChIJk_l6z2z0QDURgbTZzQb3G40,Ikinariya Watanabe,32.8036082,130.7037595,3.3,,https://maps.google.com/?cid=10167992192314487937&g_mp=Cidnb29nbGUubWFwcy5wbGFjZXMudjEuUGxhY2VzLlNlYXJjaFRleHQQAhgEIAA
ChIJyRjzOo7zQDURo5mvhRqZYq4,Ikinari-dango Hanamarudo Kokufu,32.7871512,130.7252325,3.7,,https://maps.google.com/?cid=12565774249508182435&g_mp=Cidnb29nbGUubWFwcy5wbGFjZXMudjEuUGxhY2VzLlNlYXJjaFRleHQQAhgEIAA
ChIJw6syx1DxQDUR3dOqOTb-J7c,肥後屋 いきなり団子,32.8462974,130.7542153,3.9,,https://maps.google.com/?cid=13197796741881713629&g_mp=Cidnb29nbGUubWFwcy5wbGFjZXMudjEuUGxhY2VzLlNlYXJjaFRleHQQAhgEIAA
ChIJXWdAkmYfQTUReR7lwMlCQtY,Kikuchi Gorge,33.0029089,130.94513809999998,4.4,,https://maps.google.com/?cid=15438975906871582329&g_mp=Cidnb29nbGUubWFwcy5wbGFjZXMudjEuUGxhY2VzLlNlYXJjaFRleHQQAhgEIAA
ChIJHYSWrVX5QDUR4xjPif-iWPE,粋成本舗,32.9645253,130.713536,4.4,,https://maps.google.com/?cid=17390829179503581411&g_mp=Cidnb29nbGUubWFwcy5wbGFjZXMudjEuUGxhY2VzLlNlYXJjaFRleHQQAhgEIAA
ChIJyRAfd4UwQTURwmJ3radbMv4,Soutarouan,33.0722333,131.12921029999998,4.6,,https://maps.google.com/?cid=18316803410197177026&g_mp=Cidnb29nbGUubWFwcy5wbGFjZXMudjEuUGxhY2VzLlNlYXJjaFRleHQQAhgEIAA
ChIJ-XeFUG3cQDURnjc0lzMzNbg,KUGINO-AN Minamiaso Sobauchi,32.8236053,131.0288927,4.1,PRICE_LEVEL_MODERATE,https://maps.google.com/?cid=13273571773417535390&g_mp=Cidnb29nbGUubWFwcy5wbGFjZXMudjEuUGxhY2VzLlNlYXJjaFRleHQQAhgEIAA
ChIJcX-wFaUmQTURsUJCnhBh_dI,Aso Milk Factory,32.9762674,131.0511751,3.9,PRICE_LEVEL_MODERATE,https://maps.google.com/?cid=15203414641075176113&g_mp=Cidnb29nbGUubWFwcy5wbGFjZXMudjEuUGxhY2VzLlNlYXJjaFRleHQQAhgEIAA
ChIJAQAEU7MmQTURx-jqO-Ltt7I,Meshi no Yamaichi,32.9750637,131.0395015,4.5,PRICE_LEVEL_MODERATE,https://maps.google.com/?cid=12878023215412865223&g_mp=Cidnb29nbGUubWFwcy5wbGFjZXMudjEuUGxhY2VzLlNlYXJjaFRleHQQAhgEIAA
ChIJhcDgSbTbQDUR2zeCMt4KBew,Soba Dojo,32.8187339,131.0419566,4.0,,https://maps.google.com/?cid=17007011517280958427&g_mp=Cidnb29nbGUubWFwcy5wbGFjZXMudjEuUGxhY2VzLlNlYXJjaFRleHQQAhgEIAA
ChIJ5d0URlN-QDURm2omJjTqyK4,Kentaro,32.5155849,130.6121571,4.4,PRICE_LEVEL_MODERATE,https://maps.google.com/?cid=12594573867640842907&g_mp=Cidnb29nbGUubWFwcy5wbGFjZXMudjEuUGxhY2VzLlNlYXJjaFRleHQQAhgEIAA
ChIJNYlvIn4_RDURUvSZgqa994g,Kunisaki,33.5632285,131.7319983,,,https://maps.google.com/?cid=9869565631259079762&g_mp=Cidnb29nbGUubWFwcy5wbGFjZXMudjEuUGxhY2VzLlNlYXJjaFRleHQQAhgEIAA
ChIJIZSRhCG-RjURdDNUwujivS4,藤居醸造合資会社,33.043051999999996,131.596708,4.6,,https://maps.google.com/?cid=3368097585663587188&g_mp=Cidnb29nbGUubWFwcy5wbGFjZXMudjEuUGxhY2VzLlNlYXJjaFRleHQQAhgEIAA
ChIJKytiz7DGRjUR7mtXk-EUVbg,Bungoono,32.9783415,131.5843317,,,https://maps.google.com/?cid=13282545635071323118&g_mp=Cidnb29nbGUubWFwcy5wbGFjZXMudjEuUGxhY2VzLlNlYXJjaFRleHQQAhgEIAA
ChIJeSosNUO3ODURK2HRgjfrnKw,Gunkei Miyazaki Station Restaurant,31.916272199999998,131.4315455,3.7,PRICE_LEVEL_MODERATE,https://maps.google.com/?cid=12438074894540955947&g_mp=Cidnb29nbGUubWFwcy5wbGFjZXMudjEuUGxhY2VzLlNlYXJjaFRleHQQAhgEIAA
ChIJLwml_t0sRzURix_JnSldeVg,Takachiho Gorge,32.7012777,131.30072719999998,4.5,,https://maps.google.com/?cid=6375229180841893771&g_mp=Cidnb29nbGUubWFwcy5wbGFjZXMudjEuUGxhY2VzLlNlYXJjaFRleHQQAhgEIAA
ChIJC27XwapgPjURBQddlsZlwAI,Oshushi,31.589826199999994,130.5546387,4.3,PRICE_LEVEL_INEXPENSIVE,https://maps.google.com/?cid=198270287204910853&g_mp=Cidnb29nbGUubWFwcy5wbGFjZXMudjEuUGxhY2VzLlNlYXJjaFRleHQQAhgEIAA
ChIJ041MkIlvPjUR3auJ0mPrde4,西酒造株式会社,31.520499,130.4087923,4.2,,https://maps.google.com/?cid=17182898767268522973&g_mp=Cidnb29nbGUubWFwcy5wbGFjZXMudjEuUGxhY2VzLlNlYXJjaFRleHQQAhgEIAA
ChIJrfG87CZkPjURnkhkyXg7UbQ,Amaminosato,31.5226997,130.52641269999998,4.1,,https://maps.google.com/?cid=12993231789901498526&g_mp=Cidnb29nbGUubWFwcy5wbGFjZXMudjEuUGxhY2VzLlNlYXJjaFRleHQQAhgEIAA
ChIJZ8QcLVeiHzURSlpQUNMxUOw,Miru Amami,28.4347839,129.626892,4.7,,https://maps.google.com/?cid=17028164974743149130&g_mp=Cidnb29nbGUubWFwcy5wbGFjZXMudjEuUGxhY2VzLlNlYXJjaFRleHQQAhgEIAA
ChIJizNKlSSfHzURrcCbT1XhM5U,tomori beach,28.4611752,129.71848509999998,4.6,,https://maps.google.com/?cid=10751184491987583149&g_mp=Cidnb29nbGUubWFwcy5wbGFjZXMudjEuUGxhY2VzLlNlYXJjaFRleHQQAhgEIAA
ChIJq6oZ2F5ePjUReKf3uzNnaTc,Jambo Mochi Shop,31.6177004,130.5778158,4.1,PRICE_LEVEL_MODERATE,https://maps.google.com/?cid=3992836016535218040&g_mp=Cidnb29nbGUubWFwcy5wbGFjZXMudjEuUGxhY2VzLlNlYXJjaFRleHQQAhgEIAA
ChIJhZweQV1ePjUR3qXfYIX4Mik,Hirataya,31.612797900000004,130.5750488,4.5,PRICE_LEVEL_INEXPENSIVE,https://maps.google.com/?cid=2968708356130186718&g_mp=Cidnb29nbGUubWFwcy5wbGFjZXMudjEuUGxhY2VzLlNlYXJjaFRleHQQAhgEIAA
ChIJhZweQV1ePjURmPCYrQVMqTg,ぢゃんぼ餅 中川家,31.613016,130.57483,4.1,PRICE_LEVEL_INEXPENSIVE,https://maps.google.com/?cid=4082878124459094168&g_mp=Cidnb29nbGUubWFwcy5wbGFjZXMudjEuUGxhY2VzLlNlYXJjaFRleHQQAhgEIAA
ChIJWYvJ99Vl5TQRBKsddSFXMwE,Cornerstone of Peace,26.0952187,127.7250269,4.5,,https://maps.google.com/?cid=86508619060587268&g_mp=Cidnb29nbGUubWFwcy5wbGFjZXMudjEuUGxhY2VzLlNlYXJjaFRleHQQAhgEIAA
ChIJ-adBh3gD5TQRGFnnzG897N8,Cape Manzamo,26.5052353,127.85047809999999,4.2,,https://maps.google.com/?cid=16135339115350022424&g_mp=Cidnb29nbGUubWFwcy5wbGFjZXMudjEuUGxhY2VzLlNlYXJjaFRleHQQAhgEIAA
ChIJr9YEe9lD5DQRE6wG8EeV8qU,Yanbaru National Park,26.7258683,128.2273911,4.5,,https://maps.google.com/?cid=11957784096824273939&g_mp=Cidnb29nbGUubWFwcy5wbGFjZXMudjEuUGxhY2VzLlNlYXJjaFRleHQQAhgEIAA
ChIJZ9v0bP5r5TQRi0-esrqficA,Shuri Castle,26.217044899999998,127.71948330000001,4.2,,https://maps.google.com/?cid=13873795751300976523&g_mp=Cidnb29nbGUubWFwcy5wbGFjZXMudjEuUGxhY2VzLlNlYXJjaFRleHQQAhgEIAA
ChIJWYvJ99Vl5TQRBKsddSFXMwE,Cornerstone of Peace,26.0952187,127.7250269,4.5,,https://maps.google.com/?cid=86508619060587268&g_mp=Cidnb29nbGUubWFwcy5wbGFjZXMudjEuUGxhY2VzLlNlYXJjaFRleHQQAhgEIAA
ChIJf_y2i7dp5TQR5pOJU8aJ0wM,Okinawa Convention and Visitor's Bureau,26.2030468,127.66152789999998,3.4,,https://maps.google.com/?cid=275715487097787366&g_mp=Cidnb29nbGUubWFwcy5wbGFjZXMudjEuUGxhY2VzLlNlYXJjaFRleHQQAhgEIAA
ChIJPfO4Jv5r5TQR2YaFbkYQv-w,Ajitoya Okinawa Brown Sugar Curry (Shurijo Branch),26.215570699999997,127.72020039999998,4.5,PRICE_LEVEL_MODERATE,https://maps.google.com/?cid=17059371808190727897&g_mp=Cidnb29nbGUubWFwcy5wbGFjZXMudjEuUGxhY2VzLlNlYXJjaFRleHQQAhgEIAA
